asplap3159@asplap3159:~$ sudo mysql -u root -p
[sudo] password for asplap3159: 
Enter password: 
Welcome to the MySQL monitor.  Commands end with ; or \g.
Your MySQL connection id is 9
Server version: 8.0.30-0ubuntu0.20.04.2 (Ubuntu)

Copyright (c) 2000, 2022, Oracle and/or its affiliates.

Oracle is a registered trademark of Oracle Corporation and/or its
affiliates. Other names may be trademarks of their respective
owners.

Type 'help;' or '\h' for help. Type '\c' to clear the current input statement.

mysql> use example;
Reading table information for completion of table and column names
You can turn off this feature to get a quicker startup with -A

Database changed
mysql> show tables;
+-------------------+
| Tables_in_example |
+-------------------+
| information       |
+-------------------+
1 row in set (0.00 sec)

mysql> desc information;
+---------+--------------+------+-----+---------+----------------+
| Field   | Type         | Null | Key | Default | Extra          |
+---------+--------------+------+-----+---------+----------------+
| id      | int          | NO   | PRI | NULL    | auto_increment |
| name    | varchar(100) | YES  |     | NULL    |                |
| address | varchar(100) | YES  |     | NULL    |                |
+---------+--------------+------+-----+---------+----------------+
3 rows in set (0.01 sec)

mysql> show create table information;
+-------------+-------------------------------------------------------------------------------------------------------------------------------------------------------------------------------------------------------------------------------------+
| Table       | Create Table                                                                                                                                                                                                                        |
+-------------+-------------------------------------------------------------------------------------------------------------------------------------------------------------------------------------------------------------------------------------+
| information | CREATE TABLE `information` (
  `id` int NOT NULL AUTO_INCREMENT,
  `name` varchar(100) DEFAULT NULL,
  `address` varchar(100) DEFAULT NULL,
  PRIMARY KEY (`id`)
) ENGINE=InnoDB DEFAULT CHARSET=utf8mb4 COLLATE=utf8mb4_0900_ai_ci |
+-------------+-------------------------------------------------------------------------------------------------------------------------------------------------------------------------------------------------------------------------------------+
1 row in set (0.00 sec)

mysql> start transaction;
Query OK, 0 rows affected (0.00 sec)

mysql> insert into information(name,address)values('hari','9/4,anna nagar');
Query OK, 1 row affected (0.00 sec)

mysql> select *from information;
+----+------+----------------+
| id | name | address        |
+----+------+----------------+
|  1 | hari | 9/4,anna nagar |
+----+------+----------------+
1 row in set (0.00 sec)

mysql> commit;
Query OK, 0 rows affected (0.01 sec)

mysql> rollback;
Query OK, 0 rows affected (0.00 sec)

mysql> insert into information(name,address)values('keerthi','8/2,thilai nagar');
Query OK, 1 row affected (0.04 sec)

mysql> select *from information;
+----+---------+------------------+
| id | name    | address          |
+----+---------+------------------+
|  1 | hari    | 9/4,anna nagar   |
|  2 | keerthi | 8/2,thilai nagar |
+----+---------+------------------+
2 rows in set (0.00 sec)

mysql> rollback;
Query OK, 0 rows affected (0.00 sec)

mysql> select *from information;
+----+---------+------------------+
| id | name    | address          |
+----+---------+------------------+
|  1 | hari    | 9/4,anna nagar   |
|  2 | keerthi | 8/2,thilai nagar |
+----+---------+------------------+
2 rows in set (0.00 sec)

mysql> rollback;
Query OK, 0 rows affected (0.00 sec)

mysql> start transaction;
Query OK, 0 rows affected (0.00 sec)

mysql> insert into information(name,address)values('seenu','12/2,pillai nagar');
Query OK, 1 row affected (0.00 sec)

mysql> rollback;
Query OK, 0 rows affected (0.00 sec)

mysql> 


